,sale_price,overall_qual,square_feet,total_room,year_build,lot_frontage
0,208500.0,7.0,856.0,8.0,2003.0,65.0
1,181500.0,6.0,1262.0,6.0,1976.0,80.0
2,223500.0,7.0,920.0,6.0,2001.0,68.0
3,140000.0,7.0,961.0,7.0,1915.0,60.0
4,250000.0,8.0,1145.0,9.0,2000.0,84.0
5,143000.0,5.0,796.0,5.0,1993.0,85.0
6,307000.0,8.0,1694.0,7.0,2004.0,75.0
7,200000.0,7.0,1107.0,7.0,1973.0,
8,129900.0,7.0,1022.0,8.0,1931.0,51.0
9,118000.0,5.0,1077.0,5.0,1939.0,50.0
10,129500.0,5.0,1040.0,5.0,1965.0,70.0
11,345000.0,9.0,1182.0,11.0,2005.0,85.0
12,144000.0,5.0,912.0,4.0,1962.0,
13,279500.0,7.0,1494.0,7.0,2006.0,91.0
14,157000.0,6.0,1253.0,5.0,1960.0,
15,132000.0,7.0,854.0,5.0,1929.0,51.0
16,149000.0,6.0,1004.0,5.0,1970.0,
17,90000.0,4.0,1296.0,6.0,1967.0,72.0
18,159000.0,5.0,1114.0,6.0,2004.0,66.0
19,139000.0,5.0,1339.0,6.0,1958.0,70.0
20,325300.0,8.0,1158.0,9.0,2005.0,101.0
21,139400.0,7.0,1108.0,6.0,1930.0,57.0
22,230000.0,8.0,1795.0,7.0,2002.0,75.0
23,129900.0,5.0,1060.0,6.0,1976.0,44.0
24,154000.0,5.0,1060.0,6.0,1968.0,
25,256300.0,8.0,1600.0,7.0,2007.0,110.0
26,134800.0,5.0,900.0,5.0,1951.0,60.0
27,306000.0,8.0,1704.0,7.0,2007.0,98.0
28,207500.0,5.0,1600.0,6.0,1957.0,47.0
29,68500.0,4.0,520.0,4.0,1927.0,60.0
30,40000.0,4.0,649.0,6.0,1920.0,50.0
31,149350.0,5.0,1228.0,6.0,1966.0,
32,179900.0,8.0,1234.0,7.0,2007.0,85.0
33,165500.0,5.0,1700.0,6.0,1959.0,70.0
34,277500.0,9.0,1561.0,6.0,2005.0,60.0
35,309000.0,8.0,1132.0,9.0,2004.0,108.0
36,145000.0,5.0,1097.0,6.0,1994.0,112.0
37,153000.0,5.0,1297.0,5.0,1954.0,74.0
38,109000.0,5.0,1057.0,5.0,1953.0,68.0
39,82000.0,4.0,1152.0,6.0,1955.0,65.0
40,160000.0,6.0,1324.0,6.0,1965.0,84.0
41,170000.0,5.0,1328.0,5.0,1959.0,115.0
42,144000.0,5.0,884.0,5.0,1983.0,
43,130250.0,5.0,938.0,5.0,1975.0,
44,141000.0,5.0,1150.0,6.0,1959.0,70.0
45,319900.0,9.0,1752.0,6.0,2005.0,61.0
46,239686.0,7.0,1518.0,6.0,2003.0,48.0
47,249700.0,8.0,1656.0,7.0,2006.0,84.0
48,113000.0,4.0,736.0,8.0,1920.0,33.0
49,127000.0,5.0,955.0,6.0,1966.0,66.0
50,177000.0,6.0,794.0,6.0,1997.0,
51,114500.0,6.0,816.0,6.0,1934.0,52.0
52,110000.0,5.0,816.0,5.0,1963.0,110.0
53,385000.0,9.0,1842.0,5.0,1981.0,68.0
54,130000.0,5.0,1360.0,6.0,1955.0,60.0
55,180500.0,6.0,1425.0,7.0,1964.0,100.0
56,172500.0,8.0,983.0,7.0,1999.0,24.0
57,196500.0,7.0,860.0,7.0,2004.0,89.0
58,438780.0,10.0,1426.0,10.0,2006.0,66.0
59,124900.0,5.0,780.0,4.0,1972.0,60.0
60,158000.0,6.0,1158.0,5.0,2004.0,63.0
61,101000.0,5.0,581.0,6.0,1920.0,60.0
62,202500.0,8.0,1370.0,6.0,2006.0,44.0
63,140000.0,7.0,902.0,9.0,1921.0,50.0
64,219500.0,7.0,1057.0,8.0,1997.0,
65,317000.0,8.0,1143.0,9.0,2004.0,76.0
66,180000.0,7.0,2207.0,7.0,1970.0,
67,226000.0,7.0,1479.0,7.0,2003.0,72.0
68,80000.0,4.0,747.0,4.0,1945.0,47.0
69,225000.0,7.0,1304.0,7.0,1953.0,81.0
70,244000.0,7.0,2223.0,8.0,1973.0,95.0
71,129500.0,4.0,845.0,4.0,1982.0,69.0
72,185000.0,7.0,885.0,7.0,1998.0,74.0
73,144900.0,5.0,1086.0,6.0,1954.0,85.0
74,107400.0,3.0,840.0,8.0,1915.0,60.0
75,91000.0,4.0,526.0,5.0,1973.0,21.0
76,135750.0,4.0,952.0,4.0,1956.0,
77,127000.0,5.0,1072.0,6.0,1948.0,50.0
78,136500.0,4.0,1768.0,8.0,1968.0,72.0
79,110000.0,5.0,682.0,5.0,1910.0,60.0
80,193500.0,6.0,1182.0,8.0,1968.0,100.0
81,153500.0,6.0,1337.0,5.0,1998.0,32.0
82,245000.0,8.0,1563.0,6.0,2007.0,78.0
83,126500.0,5.0,1065.0,6.0,1960.0,80.0
84,168500.0,7.0,804.0,7.0,1995.0,
85,260000.0,8.0,1301.0,9.0,1991.0,121.0
86,174000.0,6.0,684.0,6.0,2005.0,122.0
87,164500.0,6.0,612.0,4.0,2009.0,40.0
88,85000.0,3.0,1013.0,6.0,1915.0,105.0
89,123600.0,4.0,990.0,5.0,1994.0,60.0
90,109900.0,4.0,1040.0,4.0,1950.0,60.0
91,98600.0,5.0,1235.0,6.0,1961.0,85.0
92,163500.0,5.0,964.0,5.0,1921.0,80.0
93,133900.0,6.0,1260.0,9.0,1910.0,60.0
94,204750.0,6.0,905.0,7.0,1997.0,69.0
95,185000.0,6.0,680.0,6.0,1993.0,
96,214000.0,7.0,1588.0,6.0,1999.0,78.0
97,94750.0,4.0,960.0,6.0,1965.0,73.0
98,83000.0,5.0,835.0,5.0,1920.0,85.0
99,128950.0,4.0,1225.0,6.0,1959.0,77.0
100,205000.0,6.0,1610.0,6.0,1977.0,
101,178000.0,6.0,977.0,7.0,1985.0,77.0
102,118964.0,5.0,1535.0,8.0,1979.0,64.0
103,198900.0,7.0,1226.0,6.0,2009.0,94.0
104,169500.0,7.0,1226.0,7.0,1931.0,
105,250000.0,8.0,1053.0,9.0,2003.0,75.0
106,100000.0,4.0,1047.0,6.0,1885.0,60.0
107,115000.0,5.0,789.0,5.0,1948.0,50.0
108,115000.0,5.0,997.0,7.0,1919.0,85.0
109,190000.0,6.0,1844.0,7.0,1977.0,105.0
110,136900.0,6.0,1216.0,7.0,1954.0,75.0
111,180000.0,7.0,774.0,7.0,2000.0,
112,383970.0,7.0,1282.0,10.0,2007.0,77.0
113,217000.0,6.0,2259.0,7.0,1953.0,
114,259500.0,6.0,1436.0,9.0,1945.0,61.0
115,176000.0,6.0,729.0,5.0,1999.0,34.0
116,139000.0,5.0,1092.0,6.0,1962.0,
117,155000.0,5.0,1125.0,5.0,2006.0,74.0
118,320000.0,7.0,1699.0,11.0,1990.0,90.0
119,163990.0,6.0,728.0,8.0,2005.0,65.0
120,180000.0,6.0,988.0,4.0,1969.0,
121,100000.0,4.0,772.0,4.0,1939.0,50.0
122,136000.0,6.0,1080.0,5.0,1958.0,75.0
123,153900.0,6.0,1199.0,5.0,1993.0,55.0
124,181000.0,6.0,1586.0,7.0,1979.0,48.0
125,84500.0,6.0,520.0,5.0,1935.0,60.0
126,128000.0,6.0,958.0,5.0,1976.0,
127,87000.0,5.0,840.0,5.0,1930.0,55.0
128,155000.0,6.0,660.0,6.0,1966.0,69.0
129,150000.0,5.0,1053.0,6.0,1958.0,69.0
130,226000.0,7.0,1216.0,8.0,1966.0,88.0
131,244000.0,6.0,1022.0,7.0,2000.0,
132,150750.0,5.0,1327.0,7.0,1959.0,75.0
133,220000.0,8.0,1296.0,6.0,2001.0,
134,180000.0,5.0,1721.0,7.0,1968.0,78.0
135,174000.0,7.0,1682.0,7.0,1970.0,80.0
136,143000.0,5.0,1214.0,5.0,1967.0,
137,171000.0,7.0,1959.0,9.0,1988.0,82.0
138,230000.0,8.0,1004.0,7.0,1999.0,73.0
139,231500.0,6.0,928.0,7.0,1997.0,65.0
140,115000.0,4.0,864.0,5.0,1971.0,70.0
141,260000.0,7.0,1734.0,7.0,2005.0,78.0
142,166000.0,5.0,910.0,6.0,1952.0,71.0
143,204000.0,7.0,1501.0,6.0,1999.0,78.0
144,125000.0,5.0,1728.0,10.0,1963.0,70.0
145,130000.0,6.0,970.0,7.0,2004.0,24.0
146,105000.0,5.0,875.0,5.0,1931.0,51.0
147,222500.0,7.0,884.0,8.0,2001.0,
148,141000.0,7.0,1080.0,6.0,2004.0,63.0
149,115000.0,5.0,896.0,7.0,1936.0,
150,122000.0,5.0,969.0,5.0,1975.0,120.0
151,372402.0,8.0,1710.0,6.0,2007.0,107.0
152,190000.0,6.0,1097.0,8.0,1971.0,
153,235000.0,6.0,1252.0,4.0,1960.0,
154,125000.0,6.0,1200.0,7.0,1923.0,84.0
155,79000.0,6.0,572.0,5.0,1924.0,60.0
156,109500.0,5.0,1040.0,5.0,1950.0,60.0
157,269500.0,8.0,774.0,8.0,2009.0,92.0
158,254900.0,7.0,991.0,8.0,2004.0,100.0
159,320000.0,7.0,1392.0,9.0,2005.0,134.0
160,162500.0,6.0,1232.0,6.0,1984.0,
161,412500.0,9.0,1572.0,10.0,2003.0,110.0
162,220000.0,7.0,1541.0,7.0,2005.0,95.0
163,103200.0,4.0,882.0,4.0,1956.0,55.0
164,152000.0,6.0,1149.0,5.0,1926.0,40.0
165,127500.0,5.0,808.0,6.0,1940.0,62.0
166,190000.0,5.0,1867.0,7.0,1955.0,
167,325624.0,8.0,1610.0,8.0,2007.0,86.0
168,183500.0,7.0,840.0,7.0,2004.0,62.0
169,228000.0,8.0,1707.0,6.0,1981.0,
170,128500.0,5.0,854.0,7.0,1941.0,
171,215000.0,6.0,1656.0,7.0,1960.0,141.0
172,239000.0,7.0,1064.0,5.0,1987.0,44.0
173,163000.0,6.0,1362.0,6.0,1961.0,80.0
174,184000.0,6.0,1651.0,7.0,1986.0,47.0
175,243000.0,6.0,2158.0,7.0,1950.0,84.0
176,211000.0,6.0,1164.0,8.0,1988.0,97.0
177,172500.0,5.0,1252.0,8.0,1958.0,
178,501837.0,9.0,2234.0,9.0,2008.0,63.0
179,100000.0,5.0,968.0,5.0,1923.0,60.0
180,177000.0,6.0,769.0,5.0,2000.0,
181,200100.0,7.0,901.0,9.0,1920.0,54.0
182,120000.0,5.0,1340.0,7.0,1957.0,60.0
183,200000.0,7.0,1362.0,6.0,2003.0,63.0
184,127000.0,5.0,936.0,5.0,1908.0,92.0
185,475000.0,10.0,1518.0,12.0,1892.0,90.0
186,173000.0,7.0,1217.0,6.0,1990.0,
187,135000.0,5.0,808.0,8.0,1916.0,60.0
188,153337.0,5.0,1224.0,6.0,1979.0,64.0
189,286000.0,8.0,1593.0,5.0,2001.0,41.0
190,315000.0,8.0,1549.0,10.0,1932.0,70.0
191,184000.0,7.0,725.0,7.0,1972.0,
192,192000.0,7.0,1431.0,6.0,1999.0,68.0
193,130000.0,7.0,970.0,7.0,2004.0,24.0
194,127000.0,5.0,864.0,5.0,1972.0,60.0
195,148500.0,6.0,855.0,7.0,1976.0,24.0
196,311872.0,7.0,1726.0,8.0,2007.0,79.0
197,235000.0,8.0,1360.0,8.0,1918.0,174.0
198,104000.0,6.0,929.0,8.0,1912.0,92.0
199,274900.0,8.0,1713.0,7.0,2004.0,76.0
200,140000.0,4.0,1121.0,5.0,2003.0,80.0
201,171500.0,6.0,1279.0,6.0,1977.0,75.0
202,112000.0,6.0,865.0,6.0,1924.0,50.0
203,149000.0,6.0,848.0,3.0,2004.0,
204,110000.0,5.0,720.0,5.0,1947.0,50.0
205,180500.0,7.0,1442.0,5.0,1990.0,99.0
206,143900.0,5.0,1696.0,8.0,1962.0,40.0
207,141000.0,4.0,1100.0,6.0,1960.0,
208,277000.0,7.0,1180.0,7.0,1988.0,
209,145000.0,6.0,1092.0,6.0,1964.0,75.0
210,98000.0,5.0,864.0,5.0,1925.0,67.0
211,186000.0,6.0,1212.0,6.0,2009.0,83.0
212,252678.0,7.0,932.0,7.0,2009.0,72.0
213,156000.0,5.0,990.0,5.0,1995.0,43.0
214,161750.0,6.0,689.0,6.0,1977.0,
215,134450.0,5.0,1236.0,6.0,1957.0,72.0
216,210000.0,7.0,1436.0,8.0,2004.0,65.0
217,107000.0,4.0,810.0,8.0,1925.0,57.0
218,311500.0,7.0,1137.0,8.0,1939.0,
219,167240.0,7.0,1248.0,5.0,2005.0,43.0
220,204900.0,7.0,1498.0,5.0,2006.0,73.0
221,200000.0,6.0,1010.0,8.0,2002.0,
222,179900.0,6.0,811.0,6.0,1975.0,85.0
223,97000.0,4.0,864.0,4.0,1971.0,70.0
224,386250.0,10.0,2392.0,8.0,2003.0,103.0
225,112000.0,5.0,630.0,6.0,1971.0,21.0
226,290000.0,7.0,1214.0,9.0,1995.0,82.0
227,106000.0,6.0,483.0,5.0,1970.0,21.0
228,125000.0,5.0,912.0,5.0,1967.0,70.0
229,192500.0,7.0,1555.0,7.0,2005.0,43.0
230,148000.0,6.0,1194.0,6.0,1959.0,73.0
231,403000.0,8.0,1490.0,9.0,1995.0,174.0
232,94500.0,6.0,483.0,5.0,1972.0,21.0
233,128200.0,5.0,894.0,5.0,1976.0,75.0
234,216500.0,6.0,860.0,8.0,2002.0,
235,89500.0,6.0,483.0,5.0,1971.0,21.0
236,185500.0,7.0,1414.0,6.0,2004.0,65.0
237,194500.0,7.0,1014.0,7.0,1993.0,
238,318000.0,8.0,1694.0,7.0,2007.0,93.0
239,113000.0,6.0,798.0,7.0,1945.0,52.0
240,262500.0,8.0,1566.0,7.0,2008.0,75.0
241,110500.0,5.0,866.0,4.0,1945.0,40.0
242,79000.0,5.0,889.0,6.0,1900.0,63.0
243,120000.0,6.0,626.0,6.0,1980.0,75.0
244,205000.0,7.0,1222.0,8.0,1994.0,
245,241500.0,7.0,1872.0,6.0,1988.0,80.0
246,137000.0,6.0,908.0,9.0,1910.0,69.0
247,140000.0,6.0,1375.0,5.0,1954.0,75.0
248,180000.0,7.0,840.0,8.0,2003.0,72.0
249,277000.0,6.0,1444.0,7.0,1958.0,
250,76500.0,3.0,1306.0,6.0,1940.0,55.0
251,235000.0,8.0,1625.0,5.0,2006.0,44.0
252,173000.0,6.0,798.0,6.0,2004.0,65.0
253,158000.0,6.0,1302.0,7.0,1964.0,85.0
254,145000.0,5.0,1314.0,5.0,1957.0,70.0
255,230000.0,7.0,1005.0,8.0,1999.0,66.0
256,207500.0,6.0,864.0,7.0,2003.0,64.0
257,220000.0,7.0,1604.0,8.0,2006.0,68.0
258,231500.0,7.0,963.0,7.0,2001.0,80.0
259,97000.0,5.0,882.0,4.0,1956.0,70.0
260,176000.0,6.0,1382.0,6.0,1962.0,120.0
261,276000.0,8.0,1482.0,10.0,2007.0,69.0
262,151000.0,6.0,1212.0,6.0,1977.0,88.0
263,130000.0,5.0,926.0,6.0,1929.0,50.0
264,73000.0,5.0,764.0,4.0,1925.0,30.0
265,175500.0,6.0,1422.0,7.0,1981.0,78.0
266,185000.0,6.0,802.0,8.0,1997.0,70.0
267,179500.0,5.0,1052.0,8.0,1939.0,60.0
268,120500.0,5.0,778.0,4.0,1940.0,71.0
269,148000.0,6.0,1113.0,6.0,1976.0,
270,266000.0,8.0,1095.0,8.0,2006.0,84.0
271,241500.0,7.0,1363.0,5.0,1954.0,73.0
272,290000.0,8.0,1164.0,9.0,1999.0,92.0
273,139000.0,6.0,1632.0,6.0,1958.0,80.0
274,124500.0,5.0,816.0,5.0,1982.0,76.0
275,205000.0,7.0,952.0,5.0,1925.0,55.0
276,201000.0,7.0,1560.0,7.0,2003.0,129.0
277,141000.0,4.0,864.0,4.0,1951.0,140.0
278,415298.0,9.0,2121.0,8.0,2006.0,107.0
279,192000.0,7.0,1156.0,8.0,1977.0,83.0
280,228500.0,7.0,1175.0,7.0,1989.0,82.0
281,185000.0,6.0,1262.0,5.0,2006.0,60.0
282,207500.0,7.0,1314.0,6.0,2007.0,34.0
283,244600.0,8.0,1468.0,6.0,2008.0,74.0
284,179200.0,6.0,1575.0,5.0,1992.0,50.0
285,164700.0,7.0,625.0,5.0,2006.0,35.0
286,159000.0,6.0,1085.0,7.0,1962.0,77.0
287,88000.0,4.0,858.0,5.0,1971.0,
288,122000.0,5.0,900.0,5.0,1967.0,
289,153575.0,6.0,698.0,7.0,1915.0,60.0
290,233230.0,8.0,1079.0,8.0,2006.0,120.0
291,135900.0,5.0,936.0,9.0,1912.0,55.0
292,131000.0,5.0,1148.0,8.0,1949.0,60.0
293,235000.0,7.0,1468.0,9.0,1977.0,
294,167000.0,6.0,1644.0,7.0,1953.0,80.0
295,142500.0,6.0,1003.0,6.0,1984.0,37.0
296,152000.0,5.0,910.0,6.0,1950.0,75.0
297,239000.0,7.0,975.0,7.0,1997.0,66.0
298,175000.0,6.0,1041.0,7.0,1968.0,90.0
299,158500.0,6.0,1152.0,6.0,1950.0,80.0
300,157000.0,5.0,1336.0,5.0,1953.0,90.0
301,267000.0,8.0,1210.0,9.0,1998.0,66.0
302,205000.0,7.0,1541.0,6.0,2001.0,118.0
303,149900.0,5.0,894.0,5.0,1972.0,70.0
304,295000.0,7.0,1675.0,10.0,1880.0,87.0
305,305900.0,8.0,2000.0,8.0,2004.0,80.0
306,225000.0,7.0,1122.0,8.0,1990.0,116.0
307,89500.0,6.0,1035.0,6.0,1920.0,
308,82500.0,4.0,861.0,4.0,1940.0,
309,360000.0,9.0,1944.0,8.0,2003.0,90.0
310,165600.0,6.0,697.0,6.0,1993.0,
311,132000.0,6.0,972.0,5.0,1948.0,50.0
312,119900.0,5.0,793.0,5.0,1939.0,65.0
313,375000.0,7.0,2036.0,8.0,1965.0,150.0
314,178000.0,7.0,832.0,6.0,1925.0,60.0
315,188500.0,7.0,716.0,6.0,2004.0,71.0
316,260000.0,7.0,1153.0,10.0,1980.0,94.0
317,270000.0,8.0,1088.0,8.0,2006.0,75.0
318,260000.0,7.0,1372.0,9.0,1993.0,90.0
319,187500.0,7.0,1472.0,6.0,1980.0,
320,342643.0,9.0,1249.0,9.0,2006.0,111.0
321,354000.0,8.0,1136.0,10.0,2004.0,99.0
322,301000.0,7.0,1553.0,8.0,1986.0,86.0
323,126175.0,3.0,1163.0,6.0,1955.0,49.0
324,242000.0,7.0,1898.0,11.0,1967.0,96.0
325,87000.0,5.0,803.0,5.0,1941.0,50.0
326,324000.0,8.0,1719.0,6.0,1993.0,32.0
327,145250.0,6.0,1383.0,7.0,1960.0,80.0
328,214500.0,6.0,1445.0,10.0,1916.0,
329,78000.0,5.0,596.0,6.0,1920.0,60.0
330,119000.0,5.0,1728.0,10.0,1964.0,
331,139000.0,5.0,1056.0,6.0,1958.0,70.0
332,284000.0,8.0,1629.0,7.0,2003.0,85.0
333,207000.0,7.0,1358.0,6.0,2004.0,59.0
334,192000.0,6.0,943.0,7.0,1998.0,59.0
335,228950.0,5.0,1619.0,7.0,1965.0,
336,377426.0,9.0,1922.0,8.0,2005.0,86.0
337,214000.0,7.0,1536.0,7.0,2002.0,70.0
338,202500.0,7.0,1621.0,8.0,1984.0,91.0
339,155000.0,6.0,1215.0,6.0,1958.0,66.0
340,202900.0,8.0,993.0,9.0,2002.0,85.0
341,82000.0,4.0,841.0,4.0,1950.0,60.0
342,87500.0,3.0,1040.0,6.0,1949.0,
343,266000.0,9.0,1684.0,6.0,2005.0,63.0
344,85000.0,5.0,536.0,4.0,1976.0,36.0
345,140200.0,6.0,972.0,6.0,1939.0,65.0
346,151500.0,6.0,958.0,5.0,1960.0,
347,157500.0,6.0,1478.0,6.0,1960.0,
348,154000.0,7.0,764.0,6.0,2003.0,36.0
349,437154.0,9.0,1848.0,10.0,2005.0,56.0
350,318061.0,9.0,1869.0,6.0,2007.0,68.0
351,190000.0,7.0,1453.0,6.0,1986.0,
352,95000.0,5.0,616.0,5.0,1941.0,60.0
353,105900.0,6.0,720.0,5.0,1928.0,60.0
354,140000.0,6.0,1192.0,6.0,1940.0,60.0
355,177500.0,6.0,1200.0,6.0,1995.0,105.0
356,173000.0,6.0,1167.0,6.0,1992.0,
357,134000.0,5.0,1142.0,6.0,1976.0,44.0
358,130000.0,5.0,1352.0,6.0,1958.0,92.0
359,280000.0,8.0,1086.0,7.0,1998.0,78.0
360,156000.0,6.0,912.0,5.0,1978.0,
361,145000.0,5.0,988.0,8.0,1940.0,
362,198500.0,7.0,495.0,7.0,2003.0,64.0
363,118000.0,6.0,483.0,5.0,1972.0,21.0
364,190000.0,6.0,790.0,6.0,1976.0,
365,147000.0,5.0,672.0,6.0,1920.0,59.0
366,159000.0,6.0,1394.0,6.0,1963.0,
367,165000.0,6.0,1431.0,6.0,1962.0,101.0
368,132000.0,5.0,1268.0,7.0,1954.0,78.0
369,162000.0,5.0,1287.0,7.0,1959.0,
370,172400.0,6.0,953.0,7.0,2000.0,
371,134432.0,4.0,1120.0,7.0,1959.0,80.0
372,125000.0,6.0,752.0,4.0,1984.0,50.0
373,123000.0,5.0,1319.0,5.0,1953.0,79.0
374,219500.0,7.0,847.0,8.0,2003.0,65.0
375,61000.0,1.0,904.0,4.0,1922.0,
376,148000.0,5.0,914.0,5.0,1996.0,57.0
377,340000.0,8.0,1580.0,8.0,2004.0,102.0
378,394432.0,9.0,1856.0,8.0,2010.0,88.0
379,179000.0,6.0,1007.0,7.0,2000.0,60.0
380,127000.0,5.0,1026.0,6.0,1924.0,50.0
381,187750.0,7.0,1301.0,5.0,2006.0,60.0
382,213500.0,7.0,939.0,8.0,2006.0,79.0
383,76000.0,6.0,784.0,5.0,1928.0,60.0
384,240000.0,6.0,1079.0,9.0,1992.0,
385,192000.0,8.0,1269.0,6.0,2004.0,43.0
386,81000.0,5.0,658.0,8.0,1910.0,58.0
387,125000.0,6.0,1125.0,6.0,1976.0,72.0
388,191000.0,7.0,1479.0,6.0,1999.0,93.0
389,426000.0,10.0,1742.0,9.0,2007.0,96.0
390,119000.0,5.0,961.0,7.0,1900.0,50.0
391,215000.0,6.0,804.0,7.0,2001.0,71.0
392,106500.0,5.0,882.0,5.0,1959.0,
393,100000.0,4.0,788.0,4.0,1941.0,
394,109000.0,5.0,735.0,5.0,1940.0,60.0
395,129000.0,5.0,1144.0,6.0,1956.0,68.0
396,123000.0,5.0,894.0,6.0,1972.0,60.0
397,169500.0,5.0,876.0,8.0,1962.0,69.0
398,67000.0,5.0,1077.0,6.0,1920.0,60.0
399,241000.0,7.0,1112.0,7.0,2006.0,65.0
400,245500.0,8.0,1288.0,4.0,1996.0,38.0
401,164990.0,7.0,1310.0,6.0,2005.0,65.0
402,108000.0,5.0,672.0,4.0,1940.0,60.0
403,258000.0,8.0,1165.0,10.0,1998.0,93.0
404,168000.0,6.0,806.0,7.0,1995.0,
405,150000.0,4.0,1620.0,8.0,1976.0,
406,115000.0,6.0,1166.0,6.0,1936.0,51.0
407,177000.0,6.0,840.0,8.0,1915.0,63.0
408,280000.0,7.0,1071.0,9.0,2006.0,109.0
409,339750.0,8.0,1050.0,8.0,2007.0,85.0
410,60000.0,5.0,1276.0,5.0,1958.0,68.0
411,145000.0,5.0,1056.0,5.0,1955.0,100.0
412,222000.0,7.0,1478.0,7.0,2009.0,
413,115000.0,5.0,1028.0,5.0,1927.0,56.0
414,228000.0,7.0,1080.0,9.0,1993.0,59.0
415,181134.0,7.0,1340.0,6.0,2007.0,73.0
416,149500.0,6.0,672.0,6.0,1978.0,74.0
417,239000.0,6.0,1370.0,10.0,1918.0,86.0
418,126000.0,5.0,756.0,7.0,1940.0,60.0
419,142000.0,5.0,1056.0,6.0,1968.0,65.0
420,206300.0,7.0,1344.0,8.0,1997.0,78.0
421,215000.0,6.0,1602.0,8.0,1977.0,
422,113000.0,5.0,988.0,4.0,1954.0,100.0
423,315000.0,8.0,1470.0,8.0,1998.0,80.0
424,139000.0,6.0,1196.0,6.0,1956.0,72.0
425,135000.0,7.0,707.0,6.0,1946.0,60.0
426,275000.0,7.0,1644.0,5.0,1989.0,
427,109008.0,4.0,907.0,5.0,1957.0,77.0
428,195400.0,7.0,1208.0,6.0,2007.0,64.0
429,175000.0,6.0,1412.0,6.0,1988.0,130.0
430,85400.0,6.0,483.0,4.0,1971.0,21.0
431,79900.0,6.0,1088.0,7.0,1920.0,60.0
432,122500.0,5.0,765.0,6.0,1971.0,24.0
433,181000.0,6.0,926.0,7.0,1997.0,100.0
434,81000.0,4.0,630.0,3.0,1972.0,21.0
435,212000.0,7.0,827.0,6.0,1996.0,43.0
436,116000.0,6.0,734.0,6.0,1920.0,40.0
437,119000.0,6.0,904.0,4.0,1926.0,50.0
438,90350.0,5.0,694.0,4.0,1913.0,40.0
439,110000.0,6.0,684.0,7.0,1920.0,67.0
440,555000.0,10.0,2402.0,10.0,2008.0,105.0
441,118000.0,4.0,1440.0,8.0,1955.0,92.0
442,162900.0,5.0,1128.0,8.0,1930.0,52.0
443,172500.0,7.0,1258.0,6.0,2006.0,53.0
444,210000.0,7.0,933.0,8.0,1994.0,70.0
445,127500.0,6.0,1689.0,7.0,1956.0,73.0
446,190000.0,6.0,1888.0,6.0,1966.0,137.0
447,199900.0,7.0,956.0,10.0,1998.0,
448,119500.0,6.0,780.0,7.0,1937.0,50.0
449,120000.0,3.0,679.0,6.0,1948.0,50.0
450,110000.0,6.0,813.0,5.0,1930.0,70.0
451,280000.0,7.0,1533.0,5.0,1975.0,62.0
452,204000.0,6.0,888.0,7.0,1996.0,
453,210000.0,8.0,786.0,6.0,2008.0,75.0
454,188000.0,5.0,1728.0,8.0,1976.0,63.0
455,175500.0,7.0,1242.0,6.0,1973.0,80.0
456,98000.0,5.0,624.0,7.0,1916.0,34.0
457,256000.0,4.0,1663.0,6.0,1954.0,
458,161000.0,8.0,833.0,7.0,1925.0,
459,110000.0,5.0,979.0,5.0,1950.0,
460,263435.0,8.0,832.0,8.0,2009.0,75.0
461,155000.0,7.0,575.0,6.0,1936.0,60.0
462,62383.0,5.0,864.0,5.0,1965.0,60.0
463,188700.0,6.0,849.0,6.0,1934.0,74.0
464,124000.0,5.0,1040.0,5.0,1978.0,60.0
465,178740.0,7.0,1414.0,6.0,2004.0,
466,167000.0,7.0,1277.0,5.0,1970.0,85.0
467,146500.0,5.0,888.0,7.0,1942.0,79.0
468,250000.0,8.0,1634.0,7.0,2006.0,98.0
469,187000.0,6.0,832.0,7.0,1993.0,76.0
470,212000.0,8.0,1502.0,4.0,1985.0,
471,190000.0,7.0,1161.0,8.0,1977.0,92.0
472,148000.0,6.0,1072.0,5.0,2005.0,35.0
473,440000.0,8.0,1976.0,7.0,2006.0,110.0
474,251000.0,8.0,1652.0,6.0,2000.0,41.0
475,132500.0,5.0,970.0,5.0,1963.0,80.0
476,208900.0,6.0,1493.0,7.0,1997.0,75.0
477,380000.0,9.0,2069.0,9.0,2006.0,105.0
478,297000.0,8.0,1718.0,7.0,2007.0,79.0
479,89471.0,4.0,1131.0,7.0,1937.0,50.0
480,326000.0,9.0,1850.0,8.0,2004.0,98.0
481,374000.0,9.0,1792.0,6.0,2003.0,72.0
482,155000.0,7.0,916.0,7.0,1915.0,50.0
483,164000.0,6.0,1216.0,5.0,1998.0,32.0
484,132500.0,5.0,999.0,6.0,1962.0,
485,147000.0,5.0,1113.0,5.0,1950.0,80.0
486,156000.0,5.0,1073.0,6.0,1965.0,79.0
487,175000.0,5.0,1484.0,7.0,1971.0,70.0
488,160000.0,5.0,1766.0,10.0,1900.0,60.0
489,86000.0,4.0,630.0,3.0,1970.0,21.0
490,115000.0,5.0,616.0,4.0,1976.0,
491,133000.0,6.0,958.0,5.0,1941.0,79.0
492,172785.0,6.0,728.0,8.0,2006.0,105.0
493,155000.0,5.0,1269.0,6.0,1960.0,70.0
494,91300.0,5.0,886.0,4.0,1938.0,50.0
495,34900.0,4.0,720.0,4.0,1920.0,60.0
496,430000.0,8.0,3228.0,10.0,1992.0,
497,184000.0,7.0,1133.0,8.0,1925.0,60.0
498,130000.0,5.0,899.0,5.0,1967.0,65.0
499,120000.0,5.0,912.0,5.0,1958.0,70.0
500,113000.0,6.0,672.0,7.0,1973.0,21.0
501,226700.0,7.0,866.0,7.0,2005.0,75.0
502,140000.0,5.0,1214.0,6.0,1965.0,70.0
503,289000.0,7.0,1801.0,6.0,1959.0,100.0
504,147000.0,6.0,855.0,6.0,1974.0,24.0
505,124500.0,5.0,960.0,10.0,1952.0,60.0
506,215000.0,8.0,1065.0,8.0,1993.0,80.0
507,208300.0,6.0,1218.0,4.0,2009.0,75.0
508,161000.0,7.0,689.0,7.0,1928.0,60.0
509,124500.0,5.0,1041.0,6.0,1959.0,80.0
510,164900.0,5.0,1363.0,6.0,1951.0,75.0
511,202665.0,7.0,1368.0,6.0,2005.0,40.0
512,129900.0,5.0,864.0,5.0,1958.0,70.0
513,134000.0,6.0,1080.0,5.0,1983.0,71.0
514,96500.0,5.0,789.0,5.0,1926.0,55.0
515,402861.0,10.0,2020.0,9.0,2009.0,94.0
516,158000.0,6.0,1378.0,7.0,1972.0,
517,265000.0,7.0,1277.0,7.0,1996.0,79.0
518,211000.0,6.0,882.0,7.0,1998.0,
519,234000.0,7.0,1276.0,9.0,1926.0,53.0
520,106250.0,4.0,694.0,7.0,1900.0,60.0
521,150000.0,6.0,1244.0,6.0,1957.0,90.0
522,159000.0,6.0,1004.0,7.0,1947.0,50.0
523,184750.0,10.0,3138.0,11.0,2007.0,130.0
524,315750.0,7.0,1383.0,8.0,1996.0,95.0
525,176000.0,7.0,1266.0,6.0,2005.0,62.0
526,132000.0,5.0,928.0,4.0,1956.0,70.0
527,446261.0,9.0,1476.0,11.0,2008.0,67.0
528,86000.0,4.0,605.0,5.0,1920.0,58.0
529,200624.0,6.0,2515.0,9.0,1957.0,
530,175000.0,6.0,1509.0,5.0,1988.0,85.0
531,128000.0,6.0,751.0,6.0,1920.0,60.0
532,107500.0,5.0,827.0,5.0,1955.0,60.0
533,39300.0,1.0,334.0,2.0,1946.0,50.0
534,178000.0,8.0,707.0,6.0,2004.0,74.0
535,107500.0,5.0,820.0,5.0,1910.0,70.0
536,188000.0,7.0,880.0,8.0,1998.0,57.0
537,111250.0,4.0,864.0,5.0,1972.0,
538,158000.0,5.0,1159.0,7.0,1968.0,
539,272000.0,8.0,1601.0,6.0,2001.0,
540,315000.0,9.0,1838.0,8.0,2006.0,85.0
541,248000.0,8.0,997.0,8.0,2000.0,
542,213250.0,7.0,1680.0,7.0,1998.0,78.0
543,133000.0,7.0,767.0,4.0,1998.0,34.0
544,179665.0,7.0,664.0,7.0,2006.0,58.0
545,229000.0,7.0,1377.0,9.0,1988.0,
546,210000.0,6.0,915.0,6.0,1923.0,70.0
547,129500.0,5.0,768.0,5.0,1970.0,54.0
548,125000.0,5.0,825.0,4.0,1955.0,49.0
549,263000.0,7.0,912.0,8.0,2003.0,75.0
550,140000.0,6.0,1069.0,4.0,1977.0,53.0
551,112500.0,5.0,928.0,5.0,1957.0,50.0
552,255500.0,8.0,1717.0,7.0,2006.0,87.0
553,108000.0,4.0,1126.0,5.0,1949.0,67.0
554,284000.0,7.0,1006.0,8.0,2003.0,85.0
555,113000.0,5.0,1048.0,5.0,1922.0,58.0
556,141000.0,5.0,1092.0,6.0,1957.0,69.0
557,108000.0,4.0,897.0,7.0,1920.0,60.0
558,175000.0,7.0,729.0,6.0,1996.0,57.0
559,234000.0,7.0,1557.0,7.0,2003.0,
560,121500.0,5.0,1392.0,5.0,1957.0,
561,170000.0,5.0,1389.0,6.0,1974.0,77.0
562,108000.0,5.0,996.0,6.0,1940.0,63.0
563,185000.0,6.0,1163.0,8.0,1918.0,66.0
564,268000.0,7.0,1166.0,9.0,1992.0,
565,128000.0,6.0,841.0,6.0,1915.0,66.0
566,325000.0,9.0,1134.0,11.0,2005.0,77.0
567,214000.0,7.0,1535.0,7.0,2004.0,70.0
568,316600.0,8.0,1496.0,5.0,1983.0,79.0
569,135960.0,5.0,943.0,4.0,1979.0,
570,142600.0,5.0,1728.0,10.0,1965.0,74.0
571,120000.0,6.0,864.0,4.0,1959.0,60.0
572,224500.0,7.0,846.0,6.0,2009.0,83.0
573,170000.0,7.0,774.0,8.0,2000.0,76.0
574,139000.0,5.0,576.0,5.0,1971.0,70.0
575,118500.0,5.0,832.0,6.0,1947.0,80.0
576,145000.0,7.0,877.0,6.0,1928.0,52.0
577,164500.0,5.0,1320.0,6.0,1966.0,96.0
578,146000.0,7.0,703.0,5.0,2007.0,34.0
579,131500.0,5.0,1050.0,7.0,1954.0,81.0
580,181900.0,6.0,1429.0,7.0,1960.0,
581,253293.0,8.0,2042.0,8.0,2008.0,98.0
582,118500.0,6.0,816.0,5.0,1990.0,81.0
583,325000.0,10.0,1521.0,9.0,1893.0,75.0
584,133000.0,4.0,989.0,6.0,1935.0,51.0
585,369900.0,8.0,2028.0,7.0,2005.0,88.0
586,130000.0,6.0,838.0,5.0,1918.0,55.0
587,137000.0,5.0,860.0,4.0,1982.0,74.0
588,143000.0,5.0,1473.0,5.0,1968.0,65.0
589,79500.0,5.0,779.0,4.0,1930.0,50.0
590,185900.0,7.0,770.0,6.0,2004.0,64.0
591,451950.0,10.0,1728.0,10.0,2008.0,97.0
592,138000.0,5.0,816.0,4.0,1982.0,60.0
593,140000.0,6.0,848.0,4.0,2003.0,
594,110000.0,5.0,924.0,5.0,1975.0,88.0
595,319000.0,8.0,1826.0,7.0,2005.0,69.0
596,114504.0,6.0,684.0,7.0,1910.0,60.0
597,194201.0,7.0,1402.0,7.0,2006.0,53.0
598,217500.0,5.0,1647.0,7.0,1977.0,80.0
599,151000.0,6.0,716.0,6.0,1980.0,24.0
600,275000.0,8.0,1058.0,8.0,2005.0,74.0
601,141000.0,6.0,780.0,6.0,1937.0,50.0
602,220000.0,8.0,927.0,8.0,1992.0,80.0
603,151000.0,7.0,600.0,4.0,2004.0,30.0
604,221000.0,7.0,1494.0,6.0,2002.0,88.0
605,205000.0,7.0,1186.0,7.0,1965.0,85.0
606,152000.0,5.0,1040.0,6.0,1996.0,82.0
607,225000.0,5.0,1112.0,8.0,1948.0,78.0
608,359100.0,8.0,1940.0,10.0,1934.0,78.0
609,118500.0,4.0,1029.0,5.0,1961.0,61.0
610,313000.0,9.0,1476.0,8.0,2000.0,
611,148000.0,6.0,1032.0,6.0,1978.0,
612,261500.0,8.0,1299.0,7.0,2001.0,
613,147000.0,5.0,1120.0,6.0,2007.0,70.0
614,75500.0,4.0,630.0,3.0,1972.0,21.0
615,137500.0,6.0,1054.0,6.0,1963.0,80.0
616,183200.0,6.0,807.0,7.0,2002.0,
617,105500.0,6.0,832.0,4.0,1954.0,59.0
618,314813.0,9.0,1828.0,9.0,2007.0,90.0
619,305000.0,8.0,1482.0,10.0,2003.0,85.0
620,67000.0,3.0,864.0,5.0,1914.0,45.0
621,240000.0,6.0,1548.0,9.0,1974.0,90.0
622,135000.0,5.0,980.0,6.0,1977.0,71.0
623,168500.0,6.0,756.0,4.0,2000.0,
624,165150.0,6.0,1012.0,8.0,1972.0,80.0
625,160000.0,6.0,1116.0,5.0,1962.0,87.0
626,139900.0,5.0,1422.0,6.0,1960.0,
627,153000.0,6.0,1520.0,7.0,1955.0,80.0
628,135000.0,5.0,1040.0,9.0,1969.0,70.0
629,168500.0,6.0,1350.0,6.0,1964.0,82.0
630,124000.0,5.0,1089.0,8.0,1880.0,50.0
631,209500.0,8.0,1554.0,6.0,2006.0,34.0
632,82500.0,7.0,1411.0,6.0,1977.0,85.0
633,139400.0,5.0,1056.0,6.0,1954.0,80.0
634,144000.0,6.0,1056.0,4.0,1980.0,64.0
635,200000.0,6.0,1440.0,14.0,1914.0,60.0
636,60000.0,2.0,800.0,4.0,1936.0,51.0
637,93000.0,5.0,811.0,7.0,1954.0,50.0
638,85000.0,5.0,796.0,4.0,1910.0,67.0
639,264561.0,8.0,1567.0,7.0,2006.0,53.0
640,274000.0,8.0,1518.0,6.0,2003.0,62.0
641,226000.0,7.0,1057.0,7.0,2001.0,
642,345000.0,8.0,2000.0,9.0,1972.0,75.0
643,152000.0,5.0,780.0,7.0,1969.0,80.0
644,370878.0,9.0,1766.0,7.0,2009.0,85.0
645,143250.0,6.0,981.0,5.0,1971.0,
646,98300.0,5.0,1048.0,7.0,1950.0,60.0
647,155000.0,6.0,1094.0,5.0,1953.0,85.0
648,155000.0,6.0,1051.0,7.0,1966.0,70.0
649,84500.0,4.0,630.0,3.0,1970.0,21.0
650,205950.0,7.0,822.0,7.0,2007.0,65.0
651,108000.0,4.0,755.0,7.0,1940.0,60.0
652,191000.0,7.0,909.0,7.0,1996.0,70.0
653,135000.0,6.0,756.0,7.0,1906.0,60.0
654,350000.0,8.0,2113.0,7.0,1995.0,91.0
655,88000.0,6.0,525.0,6.0,1971.0,21.0
656,145500.0,5.0,1053.0,5.0,1959.0,72.0
657,149000.0,7.0,851.0,6.0,1931.0,60.0
658,97500.0,6.0,912.0,6.0,1948.0,78.0
659,167000.0,5.0,1486.0,7.0,1964.0,75.0
660,197900.0,7.0,1142.0,7.0,1976.0,
661,402000.0,8.0,1686.0,8.0,1994.0,52.0
662,110000.0,6.0,1392.0,5.0,1968.0,120.0
663,137500.0,4.0,1181.0,6.0,1972.0,90.0
664,423000.0,8.0,2097.0,8.0,2005.0,49.0
665,230500.0,8.0,1454.0,7.0,2000.0,106.0
666,129000.0,6.0,1465.0,7.0,1965.0,
667,193500.0,6.0,1679.0,7.0,1994.0,65.0
668,168000.0,5.0,1437.0,6.0,1956.0,
669,137500.0,4.0,1180.0,5.0,1922.0,80.0
670,173500.0,6.0,738.0,7.0,2005.0,64.0
671,103600.0,6.0,697.0,6.0,1925.0,54.0
672,165000.0,6.0,1208.0,6.0,1977.0,
673,257500.0,6.0,1839.0,7.0,1957.0,110.0
674,140000.0,6.0,1136.0,5.0,1965.0,80.0
675,148500.0,6.0,855.0,7.0,1978.0,24.0
676,87000.0,4.0,1095.0,8.0,1900.0,60.0
677,109500.0,5.0,792.0,5.0,1924.0,52.0
678,372500.0,8.0,2046.0,7.0,2008.0,80.0
679,128500.0,5.0,988.0,5.0,1961.0,
680,143000.0,6.0,923.0,5.0,1980.0,50.0
681,159434.0,5.0,848.0,6.0,1932.0,55.0
682,173000.0,6.0,1291.0,6.0,1996.0,
683,285000.0,9.0,1668.0,7.0,2002.0,90.0
684,221000.0,7.0,1195.0,7.0,1998.0,58.0
685,207500.0,7.0,1190.0,6.0,1984.0,
686,227875.0,7.0,874.0,7.0,2007.0,84.0
687,148800.0,7.0,551.0,4.0,2004.0,
688,392000.0,8.0,1419.0,7.0,2007.0,60.0
689,194700.0,6.0,1362.0,6.0,2005.0,61.0
690,141000.0,6.0,848.0,3.0,2004.0,
691,755000.0,10.0,2444.0,10.0,1994.0,104.0
692,335000.0,7.0,1238.0,9.0,1989.0,42.0
693,108480.0,5.0,1073.0,4.0,1921.0,60.0
694,141500.0,5.0,1067.0,5.0,1936.0,51.0
695,176000.0,6.0,1137.0,5.0,1987.0,54.0
696,89000.0,5.0,616.0,4.0,1921.0,50.0
697,123500.0,5.0,1148.0,6.0,1952.0,57.0
698,138500.0,5.0,894.0,5.0,1965.0,65.0
699,196000.0,7.0,1391.0,5.0,2004.0,59.0
700,312500.0,8.0,1800.0,7.0,2002.0,85.0
701,140000.0,7.0,1164.0,6.0,1969.0,80.0
702,361919.0,8.0,1264.0,10.0,2006.0,82.0
703,140000.0,5.0,1032.0,8.0,1900.0,76.0
704,213000.0,7.0,1484.0,7.0,2004.0,70.0
705,55000.0,4.0,372.0,7.0,1930.0,70.0
706,302000.0,7.0,1824.0,5.0,1971.0,
707,254000.0,8.0,1324.0,6.0,2006.0,48.0
708,179540.0,7.0,728.0,8.0,2007.0,65.0
709,109900.0,5.0,904.0,6.0,1966.0,
710,52000.0,3.0,729.0,5.0,1935.0,56.0
711,102776.0,4.0,859.0,7.0,1900.0,66.0
712,189000.0,8.0,1228.0,5.0,1988.0,40.0
713,129000.0,4.0,960.0,6.0,1970.0,60.0
714,130500.0,6.0,725.0,6.0,1976.0,
715,165000.0,6.0,1350.0,7.0,1974.0,78.0
716,159500.0,7.0,1576.0,8.0,1890.0,60.0
717,157000.0,5.0,1178.0,5.0,1973.0,80.0
718,341000.0,7.0,1325.0,9.0,1993.0,96.0
719,128500.0,5.0,971.0,5.0,1969.0,69.0
720,275000.0,8.0,1742.0,5.0,1985.0,
721,143000.0,6.0,848.0,3.0,2004.0,
722,124500.0,4.0,864.0,5.0,1970.0,70.0
723,135000.0,4.0,997.0,7.0,1954.0,60.0
724,320000.0,9.0,1698.0,8.0,2007.0,86.0
725,120500.0,4.0,864.0,5.0,1970.0,60.0
726,222000.0,6.0,1680.0,5.0,1988.0,
727,194500.0,7.0,1232.0,6.0,2007.0,64.0
728,110000.0,5.0,1776.0,9.0,1958.0,85.0
729,103000.0,4.0,848.0,5.0,1925.0,52.0
730,236500.0,8.0,1616.0,5.0,1995.0,39.0
731,187500.0,7.0,1146.0,6.0,2003.0,73.0
732,222500.0,7.0,1153.0,8.0,1998.0,75.0
733,131400.0,5.0,1144.0,6.0,1961.0,80.0
734,108000.0,5.0,948.0,6.0,1968.0,
735,163000.0,7.0,880.0,6.0,1914.0,60.0
736,93500.0,3.0,1040.0,6.0,1950.0,60.0
737,239900.0,8.0,901.0,8.0,2005.0,72.0
738,179000.0,5.0,1200.0,5.0,1987.0,60.0
739,190000.0,7.0,864.0,7.0,2004.0,65.0
740,132000.0,5.0,768.0,7.0,1910.0,60.0
741,142000.0,6.0,912.0,5.0,1961.0,65.0
742,179000.0,7.0,1349.0,6.0,2000.0,65.0
743,175000.0,5.0,1464.0,6.0,1963.0,70.0
744,180000.0,8.0,1337.0,5.0,1993.0,41.0
745,299800.0,8.0,1175.0,11.0,1976.0,
746,236000.0,7.0,980.0,8.0,2000.0,
747,265979.0,7.0,1320.0,8.0,1880.0,65.0
748,260400.0,7.0,1720.0,7.0,1996.0,59.0
749,98000.0,4.0,1088.0,9.0,1945.0,50.0
750,96500.0,4.0,792.0,7.0,1910.0,55.0
751,162000.0,7.0,660.0,6.0,2003.0,
752,217000.0,6.0,1494.0,6.0,1997.0,79.0
753,275500.0,8.0,1038.0,8.0,2005.0,80.0
754,156000.0,6.0,1026.0,5.0,1969.0,61.0
755,172500.0,6.0,742.0,6.0,1999.0,34.0
756,212000.0,8.0,866.0,7.0,2007.0,68.0
757,158900.0,6.0,672.0,6.0,1978.0,
758,179400.0,7.0,757.0,6.0,1999.0,24.0
759,290000.0,8.0,1328.0,9.0,1995.0,65.0
760,127500.0,6.0,864.0,5.0,1959.0,70.0
761,100000.0,5.0,1301.0,5.0,1924.0,60.0
762,215200.0,7.0,764.0,7.0,2009.0,72.0
763,337000.0,8.0,1268.0,8.0,1999.0,82.0
764,270000.0,8.0,1494.0,6.0,1995.0,30.0
765,264132.0,9.0,1506.0,6.0,2008.0,75.0
766,196500.0,7.0,980.0,7.0,1988.0,80.0
767,160000.0,6.0,983.0,7.0,1940.0,75.0
768,216837.0,7.0,1836.0,8.0,2004.0,70.0
769,538000.0,8.0,1690.0,12.0,2003.0,47.0
770,134900.0,5.0,858.0,5.0,1982.0,
771,102000.0,4.0,1220.0,6.0,1951.0,67.0
772,107000.0,6.0,1117.0,6.0,1976.0,94.0
773,114500.0,5.0,912.0,5.0,1958.0,70.0
774,395000.0,8.0,1973.0,9.0,2006.0,110.0
775,162000.0,6.0,1204.0,5.0,1998.0,32.0
776,221500.0,7.0,1614.0,7.0,2005.0,86.0
777,142500.0,5.0,894.0,5.0,1974.0,100.0
778,144000.0,5.0,2020.0,10.0,1977.0,60.0
779,135000.0,6.0,1004.0,4.0,1977.0,78.0
780,176000.0,7.0,1253.0,6.0,1995.0,63.0
781,175900.0,6.0,810.0,7.0,1992.0,65.0
782,187100.0,7.0,1430.0,6.0,2001.0,67.0
783,165500.0,5.0,1110.0,4.0,1978.0,
784,128000.0,6.0,742.0,9.0,1914.0,35.0
785,161500.0,6.0,1342.0,7.0,1967.0,
786,139000.0,5.0,966.0,7.0,1915.0,60.0
787,233000.0,7.0,956.0,8.0,2004.0,76.0
788,107900.0,4.0,901.0,4.0,1954.0,50.0
789,187500.0,6.0,976.0,9.0,1966.0,
790,160200.0,7.0,1145.0,5.0,2005.0,43.0
791,146800.0,6.0,1062.0,5.0,1976.0,
792,269790.0,7.0,1127.0,8.0,1996.0,92.0
793,225000.0,8.0,1496.0,7.0,2007.0,76.0
794,194500.0,7.0,1086.0,7.0,1994.0,
795,171000.0,6.0,888.0,7.0,1980.0,70.0
796,143500.0,6.0,1285.0,7.0,1977.0,71.0
797,110000.0,5.0,773.0,4.0,1953.0,57.0
798,485000.0,9.0,1966.0,11.0,2008.0,104.0
799,175000.0,5.0,981.0,7.0,1937.0,60.0
800,200000.0,6.0,616.0,8.0,1997.0,79.0
801,109900.0,4.0,1196.0,5.0,1916.0,40.0
802,189000.0,7.0,728.0,7.0,2005.0,63.0
803,582933.0,9.0,1734.0,12.0,2008.0,107.0
804,118000.0,5.0,1128.0,5.0,1954.0,75.0
805,227680.0,7.0,1428.0,6.0,2008.0,91.0
806,135500.0,5.0,980.0,6.0,1967.0,75.0
807,223500.0,5.0,1072.0,6.0,1923.0,144.0
808,159950.0,5.0,1086.0,6.0,1966.0,85.0
809,106000.0,5.0,1075.0,11.0,1898.0,90.0
810,181000.0,6.0,1309.0,5.0,1974.0,78.0
811,144500.0,6.0,848.0,4.0,2004.0,
812,55993.0,5.0,1044.0,4.0,1952.0,66.0
813,157900.0,6.0,1442.0,7.0,1958.0,75.0
814,116000.0,5.0,686.0,7.0,1918.0,45.0
815,224900.0,7.0,1661.0,6.0,1998.0,48.0
816,137000.0,5.0,1008.0,4.0,1954.0,
817,271000.0,8.0,1689.0,7.0,2002.0,
818,155000.0,6.0,1052.0,6.0,1971.0,80.0
819,224000.0,7.0,1358.0,6.0,2009.0,44.0
820,183000.0,7.0,798.0,6.0,2003.0,72.0
821,93000.0,4.0,936.0,4.0,1953.0,60.0
822,225000.0,7.0,847.0,7.0,2003.0,
823,139500.0,6.0,944.0,7.0,1940.0,60.0
824,232600.0,8.0,1489.0,7.0,2006.0,81.0
825,385000.0,10.0,2084.0,7.0,2007.0,114.0
826,109500.0,5.0,784.0,5.0,1924.0,50.0
827,189000.0,7.0,1434.0,6.0,2001.0,65.0
828,185000.0,5.0,1160.0,7.0,1967.0,
829,147400.0,7.0,520.0,4.0,2005.0,24.0
830,166000.0,6.0,1392.0,6.0,1957.0,80.0
831,151000.0,7.0,520.0,4.0,2005.0,30.0
832,237000.0,7.0,941.0,7.0,2003.0,44.0
833,167000.0,6.0,1516.0,6.0,1964.0,100.0
834,139950.0,5.0,1144.0,6.0,1961.0,75.0
835,128000.0,4.0,1067.0,4.0,1950.0,60.0
836,153500.0,5.0,1559.0,5.0,1948.0,90.0
837,100000.0,6.0,483.0,5.0,1973.0,21.0
838,144000.0,5.0,1099.0,6.0,1995.0,75.0
839,130500.0,5.0,768.0,6.0,1946.0,70.0
840,140000.0,6.0,810.0,7.0,1925.0,
841,157500.0,5.0,958.0,8.0,1904.0,60.0
842,174900.0,6.0,1165.0,6.0,1966.0,82.0
843,141000.0,5.0,1800.0,10.0,1961.0,80.0
844,153900.0,5.0,876.0,7.0,1915.0,100.0
845,171000.0,5.0,1701.0,6.0,1975.0,
846,213000.0,7.0,1006.0,7.0,1993.0,75.0
847,133500.0,5.0,864.0,5.0,1972.0,36.0
848,240000.0,6.0,1307.0,10.0,1908.0,75.0
849,187000.0,6.0,1094.0,7.0,1976.0,80.0
850,131500.0,6.0,848.0,3.0,2003.0,36.0
851,215000.0,8.0,1456.0,7.0,2003.0,
852,164000.0,7.0,918.0,7.0,1941.0,53.0
853,158000.0,6.0,1445.0,7.0,1964.0,
854,170000.0,5.0,1779.0,6.0,1955.0,102.0
855,127000.0,5.0,1040.0,6.0,1962.0,
856,147000.0,6.0,1026.0,5.0,1978.0,
857,174000.0,6.0,702.0,6.0,1994.0,65.0
858,152000.0,7.0,1370.0,6.0,1976.0,80.0
859,250000.0,6.0,1512.0,9.0,1968.0,
860,189950.0,7.0,912.0,7.0,1918.0,55.0
861,131500.0,5.0,1039.0,6.0,1965.0,75.0
862,152000.0,6.0,1097.0,6.0,1984.0,81.0
863,132500.0,5.0,1148.0,6.0,1959.0,70.0
864,250580.0,7.0,1372.0,6.0,2007.0,72.0
865,148500.0,5.0,1002.0,5.0,1970.0,
866,248900.0,8.0,1646.0,6.0,2006.0,67.0
867,129000.0,4.0,1120.0,5.0,1961.0,85.0
868,169000.0,5.0,1547.0,7.0,1948.0,
869,236000.0,7.0,1062.0,8.0,1993.0,80.0
870,109500.0,5.0,894.0,5.0,1962.0,60.0
871,200500.0,6.0,804.0,7.0,1998.0,70.0
872,116000.0,5.0,910.0,5.0,1953.0,74.0
873,133000.0,5.0,1036.0,6.0,1949.0,60.0
874,66500.0,5.0,676.0,5.0,1941.0,52.0
875,303477.0,8.0,1184.0,11.0,2007.0,75.0
876,132250.0,4.0,1040.0,5.0,1963.0,94.0
877,350000.0,9.0,1462.0,10.0,2004.0,74.0
878,148000.0,5.0,1155.0,6.0,1961.0,88.0
879,136500.0,5.0,864.0,6.0,1978.0,
880,157000.0,5.0,1090.0,5.0,2005.0,60.0
881,187500.0,7.0,1187.0,7.0,1990.0,44.0
882,178000.0,6.0,808.0,7.0,1992.0,
883,118500.0,4.0,954.0,10.0,1912.0,60.0
884,100000.0,5.0,892.0,5.0,1967.0,65.0
885,328900.0,9.0,1709.0,5.0,1999.0,50.0
886,145000.0,5.0,1712.0,8.0,1959.0,70.0
887,135500.0,5.0,872.0,8.0,1955.0,59.0
888,268000.0,8.0,2217.0,8.0,1970.0,95.0
889,149500.0,6.0,1505.0,6.0,1953.0,128.0
890,122900.0,5.0,672.0,6.0,1949.0,60.0
891,172500.0,6.0,918.0,7.0,1978.0,70.0
892,154500.0,6.0,1068.0,6.0,1963.0,70.0
893,165000.0,5.0,1383.0,6.0,1954.0,
894,118858.0,5.0,1535.0,8.0,1979.0,64.0
895,140000.0,6.0,983.0,8.0,1963.0,71.0
896,106500.0,4.0,951.0,6.0,1936.0,50.0
897,142953.0,5.0,1120.0,12.0,1979.0,64.0
898,611657.0,9.0,2364.0,11.0,2009.0,100.0
899,135000.0,5.0,1236.0,6.0,1961.0,65.0
900,110000.0,4.0,858.0,4.0,1971.0,
901,153000.0,5.0,1306.0,5.0,1957.0,64.0
902,180000.0,7.0,807.0,8.0,2003.0,63.0
903,240000.0,7.0,1670.0,7.0,2006.0,50.0
904,125500.0,5.0,902.0,6.0,1967.0,
905,128000.0,5.0,1063.0,6.0,1954.0,80.0
906,255000.0,8.0,1636.0,8.0,2006.0,116.0
907,250000.0,7.0,1020.0,6.0,1936.0,86.0
908,131000.0,5.0,902.0,5.0,1983.0,
909,174000.0,6.0,742.0,8.0,2005.0,149.0
910,154300.0,5.0,1105.0,12.0,1960.0,80.0
911,143500.0,5.0,1268.0,5.0,1977.0,
912,88000.0,5.0,1015.0,6.0,1925.0,51.0
913,145000.0,5.0,1001.0,8.0,1949.0,82.0
914,173733.0,6.0,612.0,4.0,2009.0,30.0
915,75000.0,4.0,546.0,6.0,1970.0,21.0
916,35311.0,2.0,480.0,4.0,1949.0,50.0
917,135000.0,4.0,1229.0,6.0,1956.0,
918,238000.0,7.0,912.0,8.0,1991.0,103.0
919,176500.0,6.0,1414.0,6.0,1958.0,87.0
920,201000.0,6.0,936.0,7.0,1994.0,70.0
921,145900.0,5.0,1272.0,9.0,1900.0,67.0
922,169990.0,6.0,1316.0,6.0,2005.0,65.0
923,193000.0,6.0,1617.0,5.0,1993.0,50.0
924,207500.0,6.0,1686.0,7.0,1980.0,79.0
925,175000.0,5.0,1126.0,6.0,1977.0,
926,285000.0,8.0,1234.0,10.0,2003.0,93.0
927,176000.0,7.0,1098.0,9.0,1968.0,
928,236500.0,8.0,1788.0,7.0,2001.0,
929,222000.0,7.0,993.0,8.0,1997.0,
930,201000.0,8.0,1466.0,7.0,2007.0,73.0
931,117500.0,5.0,925.0,5.0,1965.0,70.0
932,320000.0,9.0,1905.0,8.0,2006.0,84.0
933,190000.0,7.0,1500.0,6.0,2004.0,63.0
934,242000.0,7.0,2069.0,9.0,1960.0,313.0
935,79900.0,4.0,747.0,5.0,1926.0,52.0
936,184900.0,7.0,1200.0,5.0,2003.0,67.0
937,253000.0,7.0,1113.0,8.0,2005.0,75.0
938,239799.0,7.0,1391.0,7.0,2006.0,73.0
939,244400.0,7.0,1207.0,10.0,1940.0,
940,150900.0,6.0,1728.0,8.0,1976.0,55.0
941,214000.0,7.0,1022.0,8.0,1999.0,
942,150000.0,4.0,1440.0,8.0,1977.0,42.0
943,143000.0,5.0,1632.0,8.0,1967.0,100.0
944,137500.0,6.0,1344.0,7.0,1958.0,
945,124900.0,5.0,1188.0,7.0,1890.0,98.0
946,143000.0,5.0,1144.0,6.0,1959.0,70.0
947,270000.0,8.0,1629.0,9.0,2002.0,85.0
948,192500.0,7.0,936.0,7.0,2002.0,65.0
949,197500.0,6.0,1381.0,5.0,1972.0,78.0
950,129000.0,5.0,864.0,5.0,1950.0,60.0
951,119900.0,5.0,965.0,6.0,1965.0,60.0
952,133900.0,5.0,768.0,5.0,1972.0,60.0
953,172000.0,5.0,1168.0,7.0,1969.0,
954,127500.0,6.0,980.0,4.0,1975.0,35.0
955,145000.0,6.0,979.0,8.0,1946.0,82.0
956,124000.0,6.0,561.0,5.0,1980.0,24.0
957,132000.0,5.0,1057.0,6.0,1962.0,70.0
958,185000.0,7.0,1337.0,6.0,2003.0,65.0
959,155000.0,7.0,696.0,6.0,1999.0,24.0
960,116500.0,5.0,858.0,4.0,1958.0,50.0
961,272000.0,6.0,1542.0,11.0,1977.0,
962,155000.0,6.0,804.0,7.0,1976.0,24.0
963,239000.0,9.0,1800.0,7.0,2007.0,122.0
964,214900.0,7.0,824.0,8.0,2002.0,80.0
965,178900.0,6.0,783.0,8.0,2005.0,65.0
966,160000.0,5.0,976.0,7.0,1940.0,130.0
967,135000.0,5.0,1098.0,6.0,1955.0,
968,37900.0,3.0,600.0,6.0,1910.0,50.0
969,140000.0,6.0,1095.0,6.0,1958.0,75.0
970,135000.0,4.0,720.0,6.0,1949.0,60.0
971,173000.0,7.0,764.0,6.0,2003.0,36.0
972,99500.0,6.0,918.0,5.0,1979.0,55.0
973,182000.0,7.0,1428.0,6.0,2007.0,95.0
974,167500.0,7.0,1136.0,8.0,1910.0,60.0
975,165000.0,7.0,673.0,6.0,2000.0,
976,85500.0,4.0,869.0,4.0,1923.0,51.0
977,199900.0,7.0,1241.0,4.0,2006.0,35.0
978,110000.0,4.0,894.0,5.0,1954.0,68.0
979,139000.0,5.0,1121.0,5.0,1963.0,80.0
980,178400.0,7.0,999.0,6.0,1961.0,
981,336000.0,8.0,1276.0,8.0,1998.0,98.0
982,159895.0,7.0,1266.0,6.0,2007.0,43.0
983,255900.0,8.0,1149.0,9.0,2002.0,
984,126000.0,5.0,1302.0,8.0,1977.0,75.0
985,125000.0,5.0,1164.0,5.0,1950.0,68.0
986,117000.0,6.0,1001.0,5.0,1910.0,59.0
987,395192.0,9.0,1940.0,8.0,2009.0,83.0
988,195000.0,6.0,1118.0,8.0,1976.0,
989,197000.0,7.0,778.0,6.0,2006.0,65.0
990,348000.0,8.0,1407.0,7.0,1997.0,82.0
991,168000.0,8.0,916.0,8.0,1882.0,121.0
992,187000.0,6.0,1020.0,7.0,1964.0,80.0
993,173900.0,6.0,750.0,6.0,2005.0,68.0
994,337500.0,10.0,1718.0,7.0,2006.0,96.0
995,121600.0,4.0,774.0,5.0,1946.0,51.0
996,136500.0,5.0,1050.0,6.0,1961.0,
997,185000.0,6.0,1442.0,6.0,1970.0,
998,91000.0,3.0,1077.0,6.0,1922.0,60.0
999,206000.0,7.0,1208.0,6.0,2006.0,64.0
1000,82000.0,3.0,944.0,4.0,1952.0,74.0
1001,86000.0,5.0,691.0,4.0,1920.0,60.0
1002,232000.0,8.0,1574.0,7.0,2006.0,75.0
1003,136905.0,5.0,1680.0,8.0,1976.0,
1004,181000.0,7.0,1504.0,7.0,2005.0,43.0
1005,149900.0,5.0,985.0,6.0,1977.0,65.0
1006,163500.0,6.0,1657.0,7.0,1970.0,
1007,88000.0,4.0,546.0,6.0,1970.0,21.0
1008,240000.0,7.0,1710.0,7.0,2004.0,43.0
1009,102000.0,5.0,1008.0,7.0,1926.0,60.0
1010,135000.0,5.0,720.0,7.0,1948.0,115.0
1011,100000.0,5.0,1664.0,8.0,1965.0,75.0
1012,165000.0,6.0,900.0,7.0,1923.0,55.0
1013,85000.0,5.0,1022.0,4.0,1910.0,60.0
1014,119200.0,6.0,1082.0,5.0,1948.0,60.0
1015,227000.0,8.0,810.0,6.0,2001.0,70.0
1016,203000.0,7.0,1504.0,6.0,1996.0,73.0
1017,187500.0,8.0,1360.0,4.0,1984.0,
1018,160000.0,7.0,802.0,7.0,1991.0,
1019,213490.0,7.0,1506.0,6.0,2005.0,43.0
1020,176000.0,4.0,1132.0,5.0,2005.0,60.0
1021,194000.0,7.0,1220.0,6.0,2006.0,64.0
1022,87000.0,5.0,912.0,6.0,1930.0,52.0
1023,191000.0,7.0,1504.0,7.0,2005.0,43.0
1024,287000.0,8.0,2898.0,10.0,1976.0,
1025,112500.0,5.0,882.0,5.0,1972.0,70.0
1026,167500.0,5.0,1264.0,6.0,1960.0,73.0
1027,293077.0,8.0,1646.0,7.0,2007.0,71.0
1028,105000.0,5.0,968.0,6.0,1941.0,79.0
1029,118000.0,6.0,672.0,7.0,1972.0,21.0
1030,160000.0,5.0,948.0,10.0,1916.0,
1031,197000.0,7.0,1687.0,12.0,1920.0,102.0
1032,310000.0,8.0,1352.0,10.0,1993.0,
1033,230000.0,7.0,1654.0,6.0,2002.0,
1034,119750.0,5.0,954.0,5.0,1938.0,50.0
1035,84000.0,4.0,845.0,5.0,1957.0,
1036,315500.0,9.0,1620.0,6.0,2007.0,89.0
1037,287000.0,8.0,1055.0,7.0,2001.0,
1038,97000.0,4.0,798.0,6.0,1970.0,21.0
1039,80000.0,4.0,630.0,3.0,1970.0,21.0
1040,155000.0,5.0,1803.0,8.0,1957.0,88.0
1041,173000.0,6.0,800.0,7.0,1966.0,
1042,196000.0,6.0,1306.0,5.0,2005.0,34.0
1043,262280.0,7.0,1532.0,10.0,1990.0,86.0
1044,278000.0,8.0,2524.0,9.0,1981.0,80.0
1045,139600.0,3.0,1733.0,8.0,1955.0,
1046,556581.0,9.0,1992.0,11.0,2005.0,85.0
1047,145000.0,5.0,990.0,5.0,1994.0,57.0
1048,115000.0,5.0,1771.0,9.0,1960.0,100.0
1049,84900.0,4.0,930.0,6.0,1946.0,60.0
1050,176485.0,7.0,1302.0,6.0,2007.0,73.0
1051,200141.0,7.0,1316.0,6.0,2007.0,103.0
1052,165000.0,6.0,1127.0,9.0,1964.0,100.0
1053,144500.0,5.0,1526.0,7.0,1957.0,68.0
1054,255000.0,8.0,1091.0,7.0,2002.0,90.0
1055,180000.0,6.0,1523.0,7.0,1976.0,104.0
1056,185850.0,7.0,1364.0,6.0,2005.0,43.0
1057,248000.0,7.0,979.0,7.0,1994.0,
1058,335000.0,9.0,1130.0,10.0,2008.0,96.0
1059,220000.0,6.0,1096.0,7.0,1932.0,
1060,213500.0,8.0,1338.0,6.0,2001.0,41.0
1061,81000.0,3.0,894.0,6.0,1935.0,120.0
1062,90000.0,5.0,1422.0,10.0,1900.0,85.0
1063,110500.0,6.0,1103.0,5.0,1925.0,50.0
1064,154000.0,5.0,1154.0,6.0,1966.0,
1065,328000.0,7.0,1306.0,7.0,1996.0,80.0
1066,178000.0,6.0,799.0,7.0,1993.0,59.0
1067,167900.0,6.0,798.0,7.0,1964.0,80.0
1068,151400.0,6.0,1291.0,10.0,1973.0,42.0
1069,135000.0,5.0,893.0,4.0,1949.0,60.0
1070,135000.0,5.0,1048.0,6.0,1956.0,72.0
1071,154000.0,6.0,829.0,8.0,1968.0,78.0
1072,91500.0,5.0,1002.0,7.0,1948.0,50.0
1073,159500.0,6.0,698.0,6.0,1977.0,75.0
1074,194000.0,7.0,1240.0,5.0,2006.0,74.0
1075,219500.0,7.0,960.0,6.0,1940.0,75.0
1076,170000.0,5.0,1096.0,7.0,1936.0,60.0
1077,138800.0,5.0,1096.0,6.0,1969.0,
1078,155900.0,6.0,848.0,3.0,2004.0,37.0
1079,126000.0,5.0,990.0,5.0,1994.0,65.0
1080,145000.0,6.0,1258.0,5.0,1971.0,80.0
1081,133000.0,5.0,1040.0,5.0,1963.0,75.0
1082,192000.0,7.0,1459.0,6.0,2002.0,70.0
1083,160000.0,6.0,1251.0,6.0,1964.0,80.0
1084,187500.0,6.0,691.0,6.0,1995.0,
1085,147000.0,6.0,996.0,5.0,1992.0,73.0
1086,83500.0,4.0,546.0,6.0,1973.0,
1087,252000.0,8.0,1082.0,9.0,2005.0,85.0
1088,137500.0,7.0,970.0,7.0,2004.0,24.0
1089,197000.0,8.0,1247.0,4.0,2005.0,37.0
1090,92900.0,3.0,1040.0,6.0,1950.0,60.0
1091,160000.0,7.0,624.0,4.0,1999.0,24.0
1092,136500.0,6.0,1390.0,7.0,1925.0,60.0
1093,146000.0,5.0,1200.0,6.0,1965.0,71.0
1094,129000.0,5.0,936.0,4.0,1956.0,74.0
1095,176432.0,6.0,1314.0,6.0,2006.0,78.0
1096,127000.0,6.0,773.0,7.0,1914.0,60.0
1097,170000.0,8.0,1088.0,5.0,1986.0,
1098,128000.0,4.0,757.0,6.0,1936.0,50.0
1099,157000.0,7.0,1601.0,7.0,1978.0,82.0
1100,60000.0,2.0,438.0,3.0,1920.0,60.0
1101,119500.0,5.0,950.0,5.0,1971.0,61.0
1102,135000.0,5.0,1134.0,6.0,1960.0,70.0
1103,159500.0,6.0,1194.0,6.0,1959.0,79.0
1104,106000.0,5.0,630.0,6.0,1970.0,24.0
1105,325000.0,8.0,1500.0,9.0,1994.0,98.0
1106,179900.0,7.0,1442.0,6.0,1990.0,114.0
1107,274725.0,7.0,887.0,9.0,2006.0,168.0
1108,181000.0,6.0,948.0,7.0,2000.0,
1109,280000.0,8.0,1836.0,7.0,2004.0,107.0
1110,188000.0,6.0,773.0,8.0,1995.0,
1111,205000.0,7.0,1098.0,8.0,1976.0,80.0
1112,129900.0,5.0,816.0,5.0,1957.0,73.0
1113,134500.0,5.0,1008.0,6.0,1953.0,66.0
1114,117000.0,5.0,833.0,4.0,1954.0,90.0
1115,318000.0,8.0,1734.0,7.0,2007.0,93.0
1116,184100.0,8.0,779.0,7.0,2002.0,
1117,130000.0,5.0,894.0,5.0,1967.0,57.0
1118,140000.0,5.0,1021.0,6.0,1958.0,85.0
1119,133700.0,5.0,1040.0,6.0,1959.0,70.0
1120,118400.0,6.0,1012.0,6.0,1920.0,59.0
1121,212900.0,7.0,1552.0,7.0,2005.0,84.0
1122,112000.0,4.0,960.0,5.0,1956.0,
1123,118000.0,5.0,698.0,4.0,1947.0,50.0
1124,163900.0,7.0,812.0,7.0,1992.0,
1125,115000.0,4.0,1005.0,5.0,1955.0,60.0
1126,174000.0,7.0,1555.0,7.0,2007.0,53.0
1127,259000.0,7.0,1530.0,7.0,2004.0,182.0
1128,215000.0,7.0,847.0,8.0,2004.0,59.0
1129,140000.0,5.0,936.0,4.0,1980.0,60.0
1130,135000.0,4.0,1328.0,7.0,1928.0,65.0
1131,93500.0,5.0,974.0,5.0,1991.0,63.0
1132,117500.0,6.0,1178.0,8.0,1880.0,90.0
1133,239500.0,8.0,1142.0,8.0,1995.0,80.0
1134,169000.0,6.0,916.0,7.0,1997.0,57.0
1135,102000.0,6.0,986.0,5.0,1926.0,60.0
1136,119000.0,6.0,1032.0,6.0,1950.0,80.0
1137,94000.0,5.0,780.0,6.0,1875.0,54.0
1138,196000.0,6.0,1567.0,5.0,1977.0,
1139,144000.0,5.0,1167.0,6.0,1920.0,98.0
1140,139000.0,5.0,952.0,4.0,1951.0,60.0
1141,197500.0,5.0,1088.0,9.0,1976.0,
1142,424870.0,8.0,1466.0,11.0,2006.0,77.0
1143,80000.0,5.0,1006.0,5.0,1959.0,
1144,80000.0,4.0,672.0,5.0,1941.0,60.0
1145,149000.0,5.0,1042.0,8.0,1928.0,52.0
1146,180000.0,6.0,1298.0,5.0,1985.0,
1147,174500.0,7.0,860.0,7.0,1941.0,75.0
1148,116900.0,7.0,572.0,5.0,1926.0,
1149,143000.0,7.0,832.0,7.0,1920.0,50.0
1150,124000.0,6.0,932.0,4.0,1950.0,57.0
1151,149900.0,5.0,1466.0,6.0,1959.0,134.0
1152,230000.0,6.0,1811.0,6.0,1956.0,90.0
1153,120500.0,6.0,816.0,5.0,1930.0,
1154,201800.0,7.0,902.0,8.0,1965.0,
1155,218000.0,5.0,1437.0,6.0,1976.0,90.0
1156,179900.0,5.0,1265.0,6.0,1965.0,85.0
1157,230000.0,7.0,1314.0,6.0,2007.0,34.0
1158,235128.0,8.0,1580.0,7.0,2007.0,92.0
1159,185000.0,6.0,943.0,8.0,1974.0,76.0
1160,146000.0,6.0,855.0,7.0,1978.0,24.0
1161,224000.0,6.0,1640.0,7.0,1954.0,
1162,129000.0,5.0,894.0,5.0,1968.0,109.0
1163,108959.0,4.0,1258.0,6.0,1969.0,60.0
1164,194000.0,5.0,1432.0,5.0,1978.0,
1165,233170.0,7.0,1502.0,7.0,2009.0,79.0
1166,245350.0,8.0,1694.0,7.0,2008.0,64.0
1167,173000.0,6.0,959.0,7.0,2000.0,58.0
1168,235000.0,6.0,1236.0,7.0,1935.0,120.0
1169,625000.0,10.0,1831.0,10.0,1995.0,118.0
1170,171000.0,6.0,1118.0,6.0,1977.0,76.0
1171,163000.0,6.0,1261.0,6.0,1958.0,76.0
1172,171900.0,7.0,625.0,5.0,2006.0,35.0
1173,200500.0,5.0,1636.0,12.0,1946.0,138.0
1174,239000.0,6.0,1170.0,9.0,1932.0,80.0
1175,285000.0,8.0,2129.0,9.0,1992.0,85.0
1176,119500.0,5.0,923.0,5.0,1984.0,37.0
1177,115000.0,6.0,818.0,5.0,1926.0,
1178,154900.0,5.0,820.0,7.0,1921.0,54.0
1179,93000.0,5.0,1124.0,5.0,1954.0,77.0
1180,250000.0,7.0,1298.0,8.0,1990.0,
1181,392500.0,8.0,1652.0,5.0,2008.0,64.0
1182,745000.0,10.0,2411.0,10.0,1996.0,160.0
1183,120000.0,5.0,1130.0,5.0,1920.0,60.0
1184,186700.0,5.0,1572.0,5.0,1963.0,50.0
1185,104900.0,5.0,949.0,7.0,1924.0,60.0
1186,95000.0,3.0,1014.0,7.0,1900.0,107.0
1187,262000.0,8.0,1624.0,5.0,1994.0,89.0
1188,195000.0,7.0,831.0,7.0,2002.0,68.0
1189,189000.0,7.0,1028.0,7.0,1999.0,60.0
1190,168000.0,4.0,1622.0,7.0,1961.0,
1191,174000.0,8.0,764.0,5.0,1999.0,24.0
1192,125000.0,5.0,842.0,6.0,1925.0,60.0
1193,165000.0,6.0,1224.0,5.0,1999.0,
1194,158000.0,6.0,663.0,7.0,1969.0,80.0
1195,176000.0,6.0,728.0,8.0,2005.0,51.0
1196,219210.0,7.0,879.0,9.0,2006.0,58.0
1197,144000.0,7.0,815.0,7.0,1916.0,65.0
1198,178000.0,7.0,1212.0,6.0,2001.0,70.0
1199,148000.0,4.0,1382.0,6.0,1963.0,75.0
1200,116050.0,4.0,864.0,5.0,1970.0,71.0
1201,197900.0,7.0,866.0,6.0,1998.0,80.0
1202,117000.0,5.0,884.0,5.0,1925.0,50.0
1203,213000.0,7.0,1630.0,6.0,2000.0,75.0
1204,153500.0,5.0,1074.0,6.0,1975.0,78.0
1205,271900.0,7.0,2196.0,7.0,1990.0,90.0
1206,107000.0,4.0,1056.0,5.0,1966.0,
1207,200000.0,6.0,1700.0,7.0,2003.0,70.0
1208,140000.0,5.0,1283.0,6.0,1962.0,70.0
1209,290000.0,8.0,1660.0,8.0,2006.0,85.0
1210,189000.0,6.0,1055.0,8.0,1992.0,70.0
1211,164000.0,8.0,1080.0,8.0,1988.0,152.0
1212,113000.0,4.0,672.0,4.0,1941.0,50.0
1213,145000.0,4.0,960.0,3.0,1965.0,
1214,134500.0,5.0,999.0,6.0,1962.0,69.0
1215,125000.0,5.0,894.0,5.0,1966.0,99.0
1216,112000.0,6.0,1318.0,8.0,1978.0,68.0
1217,229456.0,8.0,1314.0,6.0,2009.0,72.0
1218,80500.0,4.0,672.0,3.0,1947.0,52.0
1219,91500.0,6.0,672.0,7.0,1971.0,21.0
1220,115000.0,5.0,912.0,5.0,1964.0,66.0
1221,134000.0,5.0,1211.0,5.0,1968.0,55.0
1222,143000.0,6.0,1168.0,7.0,1949.0,78.0
1223,137900.0,5.0,2136.0,7.0,1951.0,89.0
1224,184000.0,7.0,788.0,8.0,2004.0,60.0
1225,145000.0,6.0,1138.0,6.0,1958.0,65.0
1226,214000.0,6.0,894.0,9.0,2007.0,86.0
1227,147000.0,5.0,912.0,5.0,1965.0,72.0
1228,367294.0,9.0,1702.0,7.0,2008.0,65.0
1229,127000.0,5.0,1507.0,7.0,1960.0,70.0
1230,190000.0,5.0,1361.0,12.0,1977.0,
1231,132500.0,5.0,1190.0,6.0,1962.0,70.0
1232,101800.0,4.0,1224.0,6.0,1962.0,70.0
1233,142000.0,5.0,1188.0,6.0,1959.0,
1234,130000.0,5.0,1024.0,7.0,1911.0,55.0
1235,138887.0,5.0,892.0,9.0,1914.0,96.0
1236,175500.0,7.0,764.0,6.0,2003.0,36.0
1237,195000.0,7.0,847.0,8.0,2004.0,41.0
1238,142500.0,6.0,1141.0,6.0,2005.0,63.0
1239,265900.0,8.0,1484.0,6.0,2006.0,64.0
1240,224900.0,7.0,884.0,8.0,2003.0,65.0
1241,248328.0,7.0,1689.0,7.0,2007.0,83.0
1242,170000.0,7.0,1173.0,6.0,1974.0,85.0
1243,465000.0,10.0,2076.0,7.0,2006.0,107.0
1244,230000.0,8.0,792.0,7.0,1929.0,
1245,178000.0,6.0,1140.0,7.0,1984.0,78.0
1246,186500.0,7.0,756.0,6.0,2005.0,65.0
1247,169900.0,6.0,1034.0,6.0,1976.0,
1248,129500.0,6.0,1134.0,8.0,1917.0,60.0
1249,119000.0,5.0,988.0,6.0,1950.0,60.0
1250,244000.0,7.0,2110.0,8.0,1968.0,93.0
1251,171750.0,7.0,1405.0,6.0,2003.0,
1252,130000.0,5.0,874.0,5.0,1968.0,62.0
1253,294000.0,7.0,1516.0,9.0,1974.0,
1254,165400.0,7.0,760.0,7.0,2003.0,60.0
1255,127500.0,6.0,959.0,6.0,1931.0,52.0
1256,301500.0,8.0,1987.0,7.0,1994.0,91.0
1257,99900.0,5.0,864.0,4.0,1922.0,56.0
1258,190000.0,7.0,1166.0,5.0,2005.0,59.0
1259,151000.0,6.0,1054.0,6.0,1969.0,65.0
1260,181000.0,6.0,892.0,7.0,1999.0,
1261,128900.0,5.0,1050.0,5.0,1956.0,80.0
1262,161500.0,4.0,1104.0,8.0,1957.0,
1263,180500.0,6.0,1060.0,8.0,1919.0,60.0
1264,181000.0,6.0,1337.0,5.0,1998.0,34.0
1265,183900.0,7.0,713.0,6.0,1999.0,35.0
1266,122000.0,7.0,964.0,9.0,1910.0,60.0
1267,378500.0,9.0,2018.0,10.0,2008.0,89.0
1268,381000.0,8.0,1968.0,11.0,1935.0,
1269,144000.0,5.0,874.0,7.0,1958.0,78.0
1270,260000.0,7.0,1332.0,4.0,1979.0,
1271,185750.0,6.0,1489.0,7.0,1968.0,
1272,137000.0,5.0,935.0,5.0,1965.0,
1273,177000.0,6.0,1357.0,5.0,1959.0,124.0
1274,139000.0,5.0,661.0,8.0,1910.0,53.0
1275,137000.0,5.0,928.0,10.0,1948.0,95.0
1276,162000.0,6.0,735.0,6.0,1972.0,
1277,197900.0,6.0,1724.0,7.0,1967.0,
1278,237000.0,8.0,1128.0,7.0,2002.0,75.0
1279,68400.0,4.0,698.0,6.0,1920.0,60.0
1280,227000.0,7.0,1573.0,6.0,2002.0,67.0
1281,180000.0,7.0,1339.0,6.0,1990.0,50.0
1282,150500.0,5.0,1040.0,5.0,1977.0,61.0
1283,139000.0,6.0,912.0,8.0,1971.0,94.0
1284,169000.0,6.0,1699.0,10.0,1919.0,50.0
1285,132500.0,6.0,825.0,6.0,1939.0,50.0
1286,143000.0,6.0,1328.0,6.0,1963.0,
1287,190000.0,5.0,1582.0,7.0,1964.0,
1288,278000.0,8.0,1659.0,5.0,2000.0,40.0
1289,281000.0,8.0,1120.0,8.0,2006.0,86.0
1290,180500.0,5.0,1152.0,6.0,1964.0,
1291,119500.0,5.0,630.0,6.0,1972.0,21.0
1292,107500.0,5.0,1378.0,11.0,1892.0,60.0
1293,162900.0,7.0,832.0,8.0,1976.0,78.0
1294,115000.0,5.0,864.0,5.0,1955.0,60.0
1295,138500.0,5.0,1052.0,5.0,1968.0,70.0
1296,155000.0,5.0,1128.0,6.0,1963.0,80.0
1297,140000.0,6.0,1072.0,5.0,2005.0,35.0
1298,160000.0,10.0,4692.0,12.0,2008.0,313.0
1299,154000.0,5.0,1246.0,6.0,1959.0,75.0
1300,225000.0,7.0,1005.0,9.0,1999.0,
1301,177500.0,6.0,753.0,7.0,1942.0,
1302,290000.0,8.0,1203.0,8.0,1994.0,92.0
1303,232000.0,7.0,1616.0,7.0,2005.0,73.0
1304,130000.0,7.0,976.0,7.0,2004.0,32.0
1305,325000.0,9.0,1652.0,6.0,2006.0,108.0
1306,202500.0,7.0,1368.0,6.0,2005.0,48.0
1307,138000.0,5.0,990.0,5.0,1994.0,60.0
1308,147000.0,5.0,1122.0,6.0,1948.0,100.0
1309,179200.0,6.0,1294.0,6.0,1991.0,
1310,335000.0,7.0,1902.0,7.0,1959.0,100.0
1311,203000.0,7.0,1274.0,6.0,2005.0,68.0
1312,302000.0,8.0,1453.0,9.0,1990.0,
1313,333168.0,9.0,1422.0,10.0,1999.0,108.0
1314,119000.0,4.0,948.0,5.0,1954.0,60.0
1315,206900.0,6.0,1092.0,9.0,1969.0,85.0
1316,295493.0,8.0,1630.0,8.0,2008.0,61.0
1317,208900.0,7.0,1352.0,5.0,2006.0,47.0
1318,275000.0,8.0,1787.0,7.0,2001.0,
1319,111000.0,4.0,948.0,5.0,1954.0,75.0
1320,156500.0,6.0,1478.0,6.0,1957.0,70.0
1321,72500.0,3.0,720.0,4.0,1949.0,
1322,190000.0,7.0,1061.0,8.0,1992.0,107.0
1323,82500.0,4.0,708.0,5.0,1940.0,50.0
1324,147000.0,8.0,1795.0,7.0,2006.0,75.0
1325,55000.0,4.0,796.0,5.0,1922.0,40.0
1326,79000.0,3.0,774.0,6.0,1931.0,70.0
1327,130500.0,5.0,816.0,5.0,1982.0,60.0
1328,256000.0,6.0,1584.0,8.0,1920.0,60.0
1329,176500.0,7.0,955.0,8.0,1998.0,63.0
1330,227000.0,8.0,1588.0,7.0,2006.0,85.0
1331,132500.0,5.0,954.0,6.0,1976.0,55.0
1332,100000.0,4.0,816.0,3.0,1938.0,67.0
1333,125500.0,5.0,803.0,6.0,1938.0,60.0
1334,125000.0,5.0,765.0,7.0,1970.0,24.0
1335,167900.0,6.0,1334.0,6.0,1977.0,80.0
1336,135000.0,5.0,1656.0,8.0,1973.0,87.0
1337,52500.0,4.0,693.0,4.0,1941.0,153.0
1338,200000.0,7.0,920.0,8.0,2002.0,95.0
1339,128500.0,5.0,864.0,5.0,1972.0,120.0
1340,123000.0,4.0,872.0,5.0,1971.0,70.0
1341,155000.0,6.0,1114.0,6.0,2003.0,66.0
1342,228500.0,8.0,1284.0,7.0,2002.0,
1343,177000.0,6.0,1172.0,9.0,1928.0,57.0
1344,155835.0,7.0,728.0,8.0,2006.0,85.0
1345,108500.0,4.0,960.0,5.0,1920.0,50.0
1346,262500.0,7.0,2156.0,9.0,1968.0,
1347,283463.0,8.0,1776.0,7.0,2006.0,93.0
1348,215000.0,7.0,1494.0,5.0,1998.0,
1349,122000.0,8.0,938.0,8.0,1872.0,50.0
1350,200000.0,5.0,1338.0,12.0,1969.0,91.0
1351,171000.0,6.0,858.0,8.0,1962.0,70.0
1352,134900.0,6.0,786.0,4.0,1937.0,50.0
1353,410000.0,8.0,2053.0,9.0,1995.0,56.0
1354,235000.0,7.0,992.0,7.0,2000.0,
1355,170000.0,7.0,1222.0,8.0,1968.0,102.0
1356,110000.0,5.0,892.0,5.0,1966.0,
1357,149900.0,5.0,1078.0,6.0,1971.0,
1358,177500.0,6.0,769.0,5.0,2000.0,
1359,315000.0,9.0,1980.0,8.0,2004.0,129.0
1360,189000.0,5.0,990.0,8.0,1921.0,51.0
1361,260000.0,7.0,1530.0,7.0,2005.0,124.0
1362,104900.0,4.0,1281.0,7.0,1920.0,
1363,156932.0,6.0,616.0,6.0,2006.0,73.0
1364,144152.0,7.0,520.0,4.0,2005.0,30.0
1365,216000.0,7.0,814.0,7.0,2000.0,
1366,193000.0,7.0,882.0,7.0,1999.0,68.0
1367,127000.0,5.0,925.0,6.0,1977.0,41.0
1368,144000.0,6.0,848.0,4.0,2003.0,
1369,232000.0,8.0,1668.0,8.0,2003.0,48.0
1370,105000.0,4.0,840.0,6.0,1920.0,90.0
1371,165500.0,6.0,1661.0,8.0,1955.0,80.0
1372,274300.0,7.0,1108.0,8.0,1998.0,75.0
1373,466500.0,10.0,2633.0,8.0,2001.0,
1374,250000.0,7.0,1026.0,9.0,2005.0,85.0
1375,239000.0,8.0,1571.0,7.0,2007.0,89.0
1376,91000.0,6.0,790.0,4.0,1930.0,52.0
1377,117000.0,5.0,984.0,6.0,1941.0,60.0
1378,83000.0,6.0,483.0,5.0,1973.0,21.0
1379,167500.0,5.0,754.0,7.0,2006.0,73.0
1380,58500.0,3.0,864.0,5.0,1914.0,45.0
1381,237500.0,6.0,2117.0,7.0,1970.0,
1382,157000.0,7.0,998.0,8.0,1920.0,60.0
1383,112000.0,5.0,1416.0,7.0,1918.0,
1384,105000.0,6.0,698.0,6.0,1939.0,60.0
1385,125500.0,4.0,796.0,7.0,1922.0,40.0
1386,250000.0,7.0,1392.0,12.0,1978.0,80.0
1387,136000.0,6.0,1664.0,10.0,1916.0,60.0
1388,377500.0,9.0,1746.0,7.0,2006.0,42.0
1389,131000.0,6.0,869.0,6.0,1941.0,60.0
1390,235000.0,7.0,1525.0,6.0,2000.0,70.0
1391,124000.0,5.0,1584.0,8.0,1967.0,65.0
1392,123000.0,5.0,900.0,6.0,1967.0,68.0
1393,163000.0,6.0,1221.0,7.0,1905.0,60.0
1394,246578.0,7.0,1500.0,6.0,2006.0,53.0
1395,281213.0,8.0,1133.0,9.0,2005.0,88.0
1396,160000.0,5.0,1687.0,7.0,1948.0,
1397,137500.0,5.0,939.0,8.0,1920.0,51.0
1398,138000.0,5.0,1136.0,7.0,1950.0,60.0
1399,137450.0,6.0,1160.0,7.0,1925.0,51.0
1400,120000.0,6.0,950.0,5.0,1929.0,50.0
1401,193000.0,6.0,864.0,8.0,2004.0,62.0
1402,193879.0,7.0,1294.0,6.0,2006.0,64.0
1403,282922.0,8.0,1464.0,6.0,2007.0,49.0
1404,105000.0,3.0,694.0,6.0,1915.0,60.0
1405,275000.0,8.0,1646.0,5.0,2004.0,44.0
1406,133000.0,5.0,768.0,5.0,1972.0,70.0
1407,112000.0,5.0,833.0,5.0,1985.0,
1408,125500.0,4.0,741.0,6.0,1910.0,60.0
1409,215000.0,7.0,1236.0,7.0,1986.0,46.0
1410,230000.0,7.0,944.0,6.0,2001.0,79.0
1411,140000.0,6.0,1112.0,6.0,1950.0,80.0
1412,90000.0,4.0,1040.0,6.0,1949.0,60.0
1413,257000.0,8.0,1844.0,7.0,2005.0,88.0
1414,207000.0,6.0,1053.0,8.0,1923.0,64.0
1415,175900.0,7.0,1569.0,7.0,2007.0,51.0
1416,122500.0,4.0,1246.0,11.0,1885.0,60.0
1417,340000.0,8.0,1310.0,7.0,1998.0,
1418,124000.0,5.0,1144.0,6.0,1963.0,71.0
1419,223000.0,6.0,1844.0,7.0,1969.0,
1420,179900.0,6.0,708.0,7.0,1968.0,90.0
1421,127500.0,6.0,1069.0,4.0,1977.0,53.0
1422,136500.0,6.0,848.0,3.0,2003.0,37.0
1423,274970.0,6.0,1575.0,8.0,1966.0,
1424,144000.0,5.0,1344.0,6.0,1958.0,
1425,142000.0,6.0,1252.0,7.0,1959.0,80.0
1426,271000.0,7.0,1223.0,5.0,1994.0,81.0
1427,140000.0,5.0,1048.0,6.0,1945.0,60.0
1428,119000.0,5.0,804.0,4.0,1940.0,60.0
1429,182900.0,6.0,1440.0,7.0,1981.0,
1430,192140.0,5.0,734.0,7.0,2005.0,60.0
1431,143750.0,6.0,958.0,5.0,1976.0,
1432,64500.0,4.0,968.0,5.0,1927.0,60.0
1433,186500.0,6.0,962.0,8.0,2000.0,93.0
1434,160000.0,5.0,1126.0,5.0,1977.0,80.0
1435,174000.0,6.0,1537.0,7.0,1962.0,80.0
1436,120500.0,4.0,864.0,5.0,1971.0,60.0
1437,394617.0,8.0,1932.0,7.0,2008.0,96.0
1438,149700.0,6.0,1236.0,6.0,1957.0,90.0
1439,197000.0,7.0,1040.0,6.0,1979.0,80.0
1440,191000.0,6.0,1423.0,11.0,1922.0,79.0
1441,149300.0,6.0,848.0,3.0,2004.0,
1442,310000.0,10.0,1026.0,10.0,2008.0,85.0
1443,121000.0,6.0,952.0,4.0,1916.0,
1444,179600.0,7.0,1422.0,7.0,2004.0,63.0
1445,129000.0,6.0,913.0,6.0,1966.0,70.0
1446,157900.0,5.0,1188.0,6.0,1962.0,
1447,240000.0,8.0,1220.0,8.0,1995.0,80.0
1448,112000.0,4.0,796.0,6.0,1910.0,70.0
1449,92000.0,5.0,630.0,3.0,1970.0,21.0
1450,136000.0,5.0,896.0,8.0,1974.0,60.0
1451,287090.0,8.0,1578.0,7.0,2008.0,78.0
1452,145000.0,5.0,1072.0,5.0,2005.0,35.0
1453,84500.0,5.0,1140.0,6.0,2006.0,90.0
1454,185000.0,7.0,1221.0,6.0,2004.0,62.0
1455,175000.0,6.0,953.0,7.0,1999.0,62.0
1456,210000.0,6.0,2073.0,7.0,1978.0,85.0
1457,266500.0,7.0,1188.0,9.0,1941.0,66.0
1458,142125.0,5.0,1078.0,5.0,1950.0,68.0
1459,147500.0,5.0,1256.0,6.0,1965.0,75.0
